Temps,Temperature
358,1074.0
85,255.00002
301,903.00006
613,1839.0
365,1094.9999
125,375.00003
913,2739.0
44,131.99998
830,2490.0
880,2640.0
182,546.00006
278,834.00006
847,2541.0
10,30.000002
428,1284.0
871,2613.0
9,27.0
132,396.0
651,1953.0
505,1515.0
751,2252.9998
34,102.0
802,2406.0
428,1284.0
945,2835.0002
16,48.0
